{
  "simple_chat": {
    "avg": 1.8128858089447022,
    "min": 0.1833031177520752,
    "max": 8.29519271850586,
    "times": [
      8.29519271850586,
      0.2162492275238037,
      0.1833031177520752,
      0.18628191947937012,
      0.18340206146240234
    ]
  },
  "complex_task": {
    "avg": 8.370354413986206,
    "min": 7.500366926193237,
    "max": 9.227510929107666,
    "times": [
      9.227510929107666,
      7.500366926193237,
      8.383185386657715
    ]
  },
  "tool_calling": {
    "avg": 9.61751659711202,
    "min": 9.312503814697266,
    "max": 9.937159776687622,
    "times": [
      9.937159776687622,
      9.602886199951172,
      9.312503814697266
    ]
  }
}